month,exact_date_value,week_value,date_sin,date_cos,day_of_year,day_of_year_sin,day_of_year_cos
11,20,3,-0.7907757369376986,-0.6121059825476627,325,0.3375228995941133,0.9413173175128471
11,20,3,-0.7907757369376986,-0.6121059825476627,325,0.3375228995941133,0.9413173175128471
11,20,3,-0.7907757369376986,-0.6121059825476627,325,0.3375228995941133,0.9413173175128471
11,20,3,-0.7907757369376986,-0.6121059825476627,325,0.3375228995941133,0.9413173175128471
11,20,3,-0.7907757369376986,-0.6121059825476627,325,0.3375228995941133,0.9413173175128471
11,20,3,-0.7907757369376986,-0.6121059825476627,325,0.3375228995941133,0.9413173175128471
11,20,3,-0.7907757369376986,-0.6121059825476627,325,0.3375228995941133,0.9413173175128471
11,20,3,-0.7907757369376986,-0.6121059825476627,325,0.3375228995941133,0.9413173175128471
11,20,3,-0.7907757369376986,-0.6121059825476627,325,0.3375228995941133,0.9413173175128471
11,20,3,-0.7907757369376986,-0.6121059825476627,325,0.3375228995941133,0.9413173175128471
11,20,3,-0.7907757369376986,-0.6121059825476627,325,0.3375228995941133,0.9413173175128471
11,20,3,-0.7907757369376986,-0.6121059825476627,325,0.3375228995941133,0.9413173175128471
11,20,3,-0.7907757369376986,-0.6121059825476627,325,0.3375228995941133,0.9413173175128471
11,20,3,-0.7907757369376986,-0.6121059825476627,325,0.3375228995941133,0.9413173175128471
11,20,3,-0.7907757369376986,-0.6121059825476627,325,0.3375228995941133,0.9413173175128471
11,20,3,-0.7907757369376986,-0.6121059825476627,325,0.3375228995941133,0.9413173175128471
11,20,3,-0.7907757369376986,-0.6121059825476627,325,0.3375228995941133,0.9413173175128471
11,20,3,-0.7907757369376986,-0.6121059825476627,325,0.3375228995941133,0.9413173175128471
11,20,3,-0.7907757369376986,-0.6121059825476627,325,0.3375228995941133,0.9413173175128471
11,20,3,-0.7907757369376986,-0.6121059825476627,325,0.3375228995941133,0.9413173175128471
11,20,3,-0.7907757369376986,-0.6121059825476627,325,0.3375228995941133,0.9413173175128471
11,20,3,-0.7907757369376986,-0.6121059825476627,325,0.3375228995941133,0.9413173175128471
11,20,3,-0.7907757369376986,-0.6121059825476627,325,0.3375228995941133,0.9413173175128471
11,21,4,-0.8978045395707417,-0.44039415155763423,326,0.3536761221763716,0.9353679493131483
11,21,4,-0.8978045395707417,-0.44039415155763423,326,0.3536761221763716,0.9353679493131483
11,21,4,-0.8978045395707417,-0.44039415155763423,326,0.3536761221763716,0.9353679493131483
11,21,4,-0.8978045395707417,-0.44039415155763423,326,0.3536761221763716,0.9353679493131483
11,21,4,-0.8978045395707417,-0.44039415155763423,326,0.3536761221763716,0.9353679493131483
11,21,4,-0.8978045395707417,-0.44039415155763423,326,0.3536761221763716,0.9353679493131483
11,21,4,-0.8978045395707417,-0.44039415155763423,326,0.3536761221763716,0.9353679493131483
11,21,4,-0.8978045395707417,-0.44039415155763423,326,0.3536761221763716,0.9353679493131483
11,21,4,-0.8978045395707417,-0.44039415155763423,326,0.3536761221763716,0.9353679493131483
11,21,4,-0.8978045395707417,-0.44039415155763423,326,0.3536761221763716,0.9353679493131483
11,21,4,-0.8978045395707417,-0.44039415155763423,326,0.3536761221763716,0.9353679493131483
11,21,4,-0.8978045395707417,-0.44039415155763423,326,0.3536761221763716,0.9353679493131483
11,21,4,-0.8978045395707417,-0.44039415155763423,326,0.3536761221763716,0.9353679493131483
11,21,4,-0.8978045395707417,-0.44039415155763423,326,0.3536761221763716,0.9353679493131483
11,21,4,-0.8978045395707417,-0.44039415155763423,326,0.3536761221763716,0.9353679493131483
11,21,4,-0.8978045395707417,-0.44039415155763423,326,0.3536761221763716,0.9353679493131483
11,21,4,-0.8978045395707417,-0.44039415155763423,326,0.3536761221763716,0.9353679493131483
11,21,4,-0.8978045395707417,-0.44039415155763423,326,0.3536761221763716,0.9353679493131483
11,21,4,-0.8978045395707417,-0.44039415155763423,326,0.3536761221763716,0.9353679493131483
11,21,4,-0.8978045395707417,-0.44039415155763423,326,0.3536761221763716,0.9353679493131483
11,21,4,-0.8978045395707417,-0.44039415155763423,326,0.3536761221763716,0.9353679493131483
11,21,4,-0.8978045395707417,-0.44039415155763423,326,0.3536761221763716,0.9353679493131483
11,21,4,-0.8978045395707417,-0.44039415155763423,326,0.3536761221763716,0.9353679493131483
11,21,4,-0.8978045395707417,-0.44039415155763423,326,0.3536761221763716,0.9353679493131483
11,23,4,-0.9987165071710528,-0.05064916883871355,328,0.38566340624360707,0.9226395488404876
11,23,4,-0.9987165071710528,-0.05064916883871355,328,0.38566340624360707,0.9226395488404876
11,23,4,-0.9987165071710528,-0.05064916883871355,328,0.38566340624360707,0.9226395488404876
11,23,4,-0.9987165071710528,-0.05064916883871355,328,0.38566340624360707,0.9226395488404876
11,23,4,-0.9987165071710528,-0.05064916883871355,328,0.38566340624360707,0.9226395488404876
11,23,4,-0.9987165071710528,-0.05064916883871355,328,0.38566340624360707,0.9226395488404876
11,23,4,-0.9987165071710528,-0.05064916883871355,328,0.38566340624360707,0.9226395488404876
11,23,4,-0.9987165071710528,-0.05064916883871355,328,0.38566340624360707,0.9226395488404876
11,23,4,-0.9987165071710528,-0.05064916883871355,328,0.38566340624360707,0.9226395488404876
11,23,4,-0.9987165071710528,-0.05064916883871355,328,0.38566340624360707,0.9226395488404876
11,23,4,-0.9987165071710528,-0.05064916883871355,328,0.38566340624360707,0.9226395488404876
11,23,4,-0.9987165071710528,-0.05064916883871355,328,0.38566340624360707,0.9226395488404876
11,23,4,-0.9987165071710528,-0.05064916883871355,328,0.38566340624360707,0.9226395488404876
11,23,4,-0.9987165071710528,-0.05064916883871355,328,0.38566340624360707,0.9226395488404876
11,23,4,-0.9987165071710528,-0.05064916883871355,328,0.38566340624360707,0.9226395488404876
11,23,4,-0.9987165071710528,-0.05064916883871355,328,0.38566340624360707,0.9226395488404876
11,23,4,-0.9987165071710528,-0.05064916883871355,328,0.38566340624360707,0.9226395488404876
11,23,4,-0.9987165071710528,-0.05064916883871355,328,0.38566340624360707,0.9226395488404876
11,23,4,-0.9987165071710528,-0.05064916883871355,328,0.38566340624360707,0.9226395488404876
11,24,4,-0.9884683243281114,0.15142777750457667,329,0.401487989205973,0.9158642882672872
11,24,4,-0.9884683243281114,0.15142777750457667,329,0.401487989205973,0.9158642882672872
11,24,4,-0.9884683243281114,0.15142777750457667,329,0.401487989205973,0.9158642882672872
11,24,4,-0.9884683243281114,0.15142777750457667,329,0.401487989205973,0.9158642882672872
11,24,4,-0.9884683243281114,0.15142777750457667,329,0.401487989205973,0.9158642882672872
11,24,4,-0.9884683243281114,0.15142777750457667,329,0.401487989205973,0.9158642882672872
11,24,4,-0.9884683243281114,0.15142777750457667,329,0.401487989205973,0.9158642882672872
11,24,4,-0.9884683243281114,0.15142777750457667,329,0.401487989205973,0.9158642882672872
11,24,4,-0.9884683243281114,0.15142777750457667,329,0.401487989205973,0.9158642882672872
11,24,4,-0.9884683243281114,0.15142777750457667,329,0.401487989205973,0.9158642882672872
11,24,4,-0.9884683243281114,0.15142777750457667,329,0.401487989205973,0.9158642882672872
11,24,4,-0.9884683243281114,0.15142777750457667,329,0.401487989205973,0.9158642882672872
11,24,4,-0.9884683243281114,0.15142777750457667,329,0.401487989205973,0.9158642882672872
11,24,4,-0.9884683243281114,0.15142777750457667,329,0.401487989205973,0.9158642882672872
11,24,4,-0.9884683243281114,0.15142777750457667,329,0.401487989205973,0.9158642882672872
11,24,4,-0.9884683243281114,0.15142777750457667,329,0.401487989205973,0.9158642882672872
11,24,4,-0.9884683243281114,0.15142777750457667,329,0.401487989205973,0.9158642882672872
11,24,4,-0.9884683243281114,0.15142777750457667,329,0.401487989205973,0.9158642882672872
11,24,4,-0.9884683243281114,0.15142777750457667,329,0.401487989205973,0.9158642882672872
11,24,4,-0.9884683243281114,0.15142777750457667,329,0.401487989205973,0.9158642882672872
11,24,4,-0.9884683243281114,0.15142777750457667,329,0.401487989205973,0.9158642882672872
11,24,4,-0.9884683243281114,0.15142777750457667,329,0.401487989205973,0.9158642882672872
11,24,4,-0.9884683243281114,0.15142777750457667,329,0.401487989205973,0.9158642882672872
11,24,4,-0.9884683243281114,0.15142777750457667,329,0.401487989205973,0.9158642882672872
11,25,4,-0.9377521321470804,0.3473052528448203,330,0.4171936026123168,0.9088176373395029
11,25,4,-0.9377521321470804,0.3473052528448203,330,0.4171936026123168,0.9088176373395029
11,25,4,-0.9377521321470804,0.3473052528448203,330,0.4171936026123168,0.9088176373395029
11,25,4,-0.9377521321470804,0.3473052528448203,330,0.4171936026123168,0.9088176373395029
11,25,4,-0.9377521321470804,0.3473052528448203,330,0.4171936026123168,0.9088176373395029
11,25,4,-0.9377521321470804,0.3473052528448203,330,0.4171936026123168,0.9088176373395029
11,25,4,-0.9377521321470804,0.3473052528448203,330,0.4171936026123168,0.9088176373395029
11,25,4,-0.9377521321470804,0.3473052528448203,330,0.4171936026123168,0.9088176373395029
11,25,4,-0.9377521321470804,0.3473052528448203,330,0.4171936026123168,0.9088176373395029
11,25,4,-0.9377521321470804,0.3473052528448203,330,0.4171936026123168,0.9088176373395029
11,25,4,-0.9377521321470804,0.3473052528448203,330,0.4171936026123168,0.9088176373395029
11,25,4,-0.9377521321470804,0.3473052528448203,330,0.4171936026123168,0.9088176373395029
11,25,4,-0.9377521321470804,0.3473052528448203,330,0.4171936026123168,0.9088176373395029
11,25,4,-0.9377521321470804,0.3473052528448203,330,0.4171936026123168,0.9088176373395029
11,25,4,-0.9377521321470804,0.3473052528448203,330,0.4171936026123168,0.9088176373395029
11,25,4,-0.9377521321470804,0.3473052528448203,330,0.4171936026123168,0.9088176373395029
11,25,4,-0.9377521321470804,0.3473052528448203,330,0.4171936026123168,0.9088176373395029
11,25,4,-0.9377521321470804,0.3473052528448203,330,0.4171936026123168,0.9088176373395029
11,25,4,-0.9377521321470804,0.3473052528448203,330,0.4171936026123168,0.9088176373395029
11,25,4,-0.9377521321470804,0.3473052528448203,330,0.4171936026123168,0.9088176373395029
11,25,4,-0.9377521321470804,0.3473052528448203,330,0.4171936026123168,0.9088176373395029
11,25,4,-0.9377521321470804,0.3473052528448203,330,0.4171936026123168,0.9088176373395029
11,25,4,-0.9377521321470804,0.3473052528448203,330,0.4171936026123168,0.9088176373395029
11,25,4,-0.9377521321470804,0.3473052528448203,330,0.4171936026123168,0.9088176373395029
11,26,4,-0.8486442574947509,0.5289640103269624,331,0.4327755925504312,0.901501684131884
11,26,4,-0.8486442574947509,0.5289640103269624,331,0.4327755925504312,0.901501684131884
11,26,4,-0.8486442574947509,0.5289640103269624,331,0.4327755925504312,0.901501684131884
11,26,4,-0.8486442574947509,0.5289640103269624,331,0.4327755925504312,0.901501684131884
11,26,4,-0.8486442574947509,0.5289640103269624,331,0.4327755925504312,0.901501684131884
11,26,4,-0.8486442574947509,0.5289640103269624,331,0.4327755925504312,0.901501684131884
11,26,4,-0.8486442574947509,0.5289640103269624,331,0.4327755925504312,0.901501684131884
11,26,4,-0.8486442574947509,0.5289640103269624,331,0.4327755925504312,0.901501684131884
11,26,4,-0.8486442574947509,0.5289640103269624,331,0.4327755925504312,0.901501684131884
11,26,4,-0.8486442574947509,0.5289640103269624,331,0.4327755925504312,0.901501684131884
11,26,4,-0.8486442574947509,0.5289640103269624,331,0.4327755925504312,0.901501684131884
11,26,4,-0.8486442574947509,0.5289640103269624,331,0.4327755925504312,0.901501684131884
11,26,4,-0.8486442574947509,0.5289640103269624,331,0.4327755925504312,0.901501684131884
11,26,4,-0.8486442574947509,0.5289640103269624,331,0.4327755925504312,0.901501684131884
11,26,4,-0.8486442574947509,0.5289640103269624,331,0.4327755925504312,0.901501684131884
11,26,4,-0.8486442574947509,0.5289640103269624,331,0.4327755925504312,0.901501684131884
11,26,4,-0.8486442574947509,0.5289640103269624,331,0.4327755925504312,0.901501684131884
11,26,4,-0.8486442574947509,0.5289640103269624,331,0.4327755925504312,0.901501684131884
11,26,4,-0.8486442574947509,0.5289640103269624,331,0.4327755925504312,0.901501684131884
11,26,4,-0.8486442574947509,0.5289640103269624,331,0.4327755925504312,0.901501684131884
11,26,4,-0.8486442574947509,0.5289640103269624,331,0.4327755925504312,0.901501684131884
11,26,4,-0.8486442574947509,0.5289640103269624,331,0.4327755925504312,0.901501684131884
11,26,4,-0.8486442574947509,0.5289640103269624,331,0.4327755925504312,0.901501684131884
11,26,4,-0.8486442574947509,0.5289640103269624,331,0.4327755925504312,0.901501684131884
11,27,4,-0.72479278722912,0.6889669190756865,332,0.4482293417404106,0.893918596519257
11,27,4,-0.72479278722912,0.6889669190756865,332,0.4482293417404106,0.893918596519257
11,27,4,-0.72479278722912,0.6889669190756865,332,0.4482293417404106,0.893918596519257
11,27,4,-0.72479278722912,0.6889669190756865,332,0.4482293417404106,0.893918596519257
11,27,4,-0.72479278722912,0.6889669190756865,332,0.4482293417404106,0.893918596519257
11,27,4,-0.72479278722912,0.6889669190756865,332,0.4482293417404106,0.893918596519257
11,27,4,-0.72479278722912,0.6889669190756865,332,0.4482293417404106,0.893918596519257
11,27,4,-0.72479278722912,0.6889669190756865,332,0.4482293417404106,0.893918596519257
11,27,4,-0.72479278722912,0.6889669190756865,332,0.4482293417404106,0.893918596519257
11,27,4,-0.72479278722912,0.6889669190756865,332,0.4482293417404106,0.893918596519257
11,27,4,-0.72479278722912,0.6889669190756865,332,0.4482293417404106,0.893918596519257
11,27,4,-0.72479278722912,0.6889669190756865,332,0.4482293417404106,0.893918596519257
11,27,4,-0.72479278722912,0.6889669190756865,332,0.4482293417404106,0.893918596519257
11,27,4,-0.72479278722912,0.6889669190756865,332,0.4482293417404106,0.893918596519257
11,27,4,-0.72479278722912,0.6889669190756865,332,0.4482293417404106,0.893918596519257
11,27,4,-0.72479278722912,0.6889669190756865,332,0.4482293417404106,0.893918596519257
11,27,4,-0.72479278722912,0.6889669190756865,332,0.4482293417404106,0.893918596519257
11,27,4,-0.72479278722912,0.6889669190756865,332,0.4482293417404106,0.893918596519257
11,27,4,-0.72479278722912,0.6889669190756865,332,0.4482293417404106,0.893918596519257
11,27,4,-0.72479278722912,0.6889669190756865,332,0.4482293417404106,0.893918596519257
11,27,4,-0.72479278722912,0.6889669190756865,332,0.4482293417404106,0.893918596519257
11,27,4,-0.72479278722912,0.6889669190756865,332,0.4482293417404106,0.893918596519257
11,27,4,-0.72479278722912,0.6889669190756865,332,0.4482293417404106,0.893918596519257
11,27,4,-0.72479278722912,0.6889669190756865,332,0.4482293417404106,0.893918596519257
11,28,4,-0.5712682150947924,0.8207634412072763,333,0.4635502709028509,0.886070621534138
11,28,4,-0.5712682150947924,0.8207634412072763,333,0.4635502709028509,0.886070621534138
11,28,4,-0.5712682150947924,0.8207634412072763,333,0.4635502709028509,0.886070621534138
11,28,4,-0.5712682150947924,0.8207634412072763,333,0.4635502709028509,0.886070621534138
11,28,4,-0.5712682150947924,0.8207634412072763,333,0.4635502709028509,0.886070621534138
11,28,4,-0.5712682150947924,0.8207634412072763,333,0.4635502709028509,0.886070621534138
11,28,4,-0.5712682150947924,0.8207634412072763,333,0.4635502709028509,0.886070621534138
11,28,4,-0.5712682150947924,0.8207634412072763,333,0.4635502709028509,0.886070621534138
11,28,4,-0.5712682150947924,0.8207634412072763,333,0.4635502709028509,0.886070621534138
11,28,4,-0.5712682150947924,0.8207634412072763,333,0.4635502709028509,0.886070621534138
11,28,4,-0.5712682150947924,0.8207634412072763,333,0.4635502709028509,0.886070621534138
11,28,4,-0.5712682150947924,0.8207634412072763,333,0.4635502709028509,0.886070621534138
11,28,4,-0.5712682150947924,0.8207634412072763,333,0.4635502709028509,0.886070621534138
11,28,4,-0.5712682150947924,0.8207634412072763,333,0.4635502709028509,0.886070621534138
11,28,4,-0.5712682150947924,0.8207634412072763,333,0.4635502709028509,0.886070621534138
11,28,4,-0.5712682150947924,0.8207634412072763,333,0.4635502709028509,0.886070621534138
11,28,4,-0.5712682150947924,0.8207634412072763,333,0.4635502709028509,0.886070621534138
11,28,4,-0.5712682150947924,0.8207634412072763,333,0.4635502709028509,0.886070621534138
11,28,4,-0.5712682150947924,0.8207634412072763,333,0.4635502709028509,0.886070621534138
11,28,4,-0.5712682150947924,0.8207634412072763,333,0.4635502709028509,0.886070621534138
11,28,4,-0.5712682150947924,0.8207634412072763,333,0.4635502709028509,0.886070621534138
11,28,4,-0.5712682150947924,0.8207634412072763,333,0.4635502709028509,0.886070621534138
11,28,4,-0.5712682150947924,0.8207634412072763,333,0.4635502709028509,0.886070621534138
11,28,4,-0.5712682150947924,0.8207634412072763,333,0.4635502709028509,0.886070621534138
11,30,4,-0.20129852008866114,0.9795299412524943,335,0.49377555015997715,0.869589389346611
11,30,4,-0.20129852008866114,0.9795299412524943,335,0.49377555015997715,0.869589389346611
11,30,4,-0.20129852008866114,0.9795299412524943,335,0.49377555015997715,0.869589389346611
11,30,4,-0.20129852008866114,0.9795299412524943,335,0.49377555015997715,0.869589389346611
11,30,4,-0.20129852008866114,0.9795299412524943,335,0.49377555015997715,0.869589389346611
11,30,4,-0.20129852008866114,0.9795299412524943,335,0.49377555015997715,0.869589389346611
11,30,4,-0.20129852008866114,0.9795299412524943,335,0.49377555015997715,0.869589389346611
11,30,4,-0.20129852008866114,0.9795299412524943,335,0.49377555015997715,0.869589389346611
11,30,4,-0.20129852008866114,0.9795299412524943,335,0.49377555015997715,0.869589389346611
11,30,4,-0.20129852008866114,0.9795299412524943,335,0.49377555015997715,0.869589389346611
11,30,4,-0.20129852008866114,0.9795299412524943,335,0.49377555015997715,0.869589389346611
11,30,4,-0.20129852008866114,0.9795299412524943,335,0.49377555015997715,0.869589389346611
11,30,4,-0.20129852008866114,0.9795299412524943,335,0.49377555015997715,0.869589389346611
11,30,4,-0.20129852008866114,0.9795299412524943,335,0.49377555015997715,0.869589389346611
11,30,4,-0.20129852008866114,0.9795299412524943,335,0.49377555015997715,0.869589389346611
11,30,4,-0.20129852008866114,0.9795299412524943,335,0.49377555015997715,0.869589389346611
11,30,4,-0.20129852008866114,0.9795299412524943,335,0.49377555015997715,0.869589389346611
11,30,4,-0.20129852008866114,0.9795299412524943,335,0.49377555015997715,0.869589389346611
11,30,4,-0.20129852008866114,0.9795299412524943,335,0.49377555015997715,0.869589389346611
11,30,4,-0.20129852008866114,0.9795299412524943,335,0.49377555015997715,0.869589389346611
11,30,4,-0.20129852008866114,0.9795299412524943,335,0.49377555015997715,0.869589389346611
11,30,4,-0.20129852008866114,0.9795299412524943,335,0.49377555015997715,0.869589389346611
11,30,4,-0.20129852008866114,0.9795299412524943,335,0.49377555015997715,0.869589389346611
11,30,4,-0.20129852008866114,0.9795299412524943,335,0.49377555015997715,0.869589389346611
12,1,1,0.20129852008866006,0.9795299412524945,336,0.017213356155834685,0.9998518392091162
12,1,1,0.20129852008866006,0.9795299412524945,336,0.017213356155834685,0.9998518392091162
12,1,1,0.20129852008866006,0.9795299412524945,336,0.017213356155834685,0.9998518392091162
12,1,1,0.20129852008866006,0.9795299412524945,336,0.017213356155834685,0.9998518392091162
12,1,1,0.20129852008866006,0.9795299412524945,336,0.017213356155834685,0.9998518392091162
12,1,1,0.20129852008866006,0.9795299412524945,336,0.017213356155834685,0.9998518392091162
12,1,1,0.20129852008866006,0.9795299412524945,336,0.017213356155834685,0.9998518392091162
12,1,1,0.20129852008866006,0.9795299412524945,336,0.017213356155834685,0.9998518392091162
12,1,1,0.20129852008866006,0.9795299412524945,336,0.017213356155834685,0.9998518392091162
12,1,1,0.20129852008866006,0.9795299412524945,336,0.017213356155834685,0.9998518392091162
12,1,1,0.20129852008866006,0.9795299412524945,336,0.017213356155834685,0.9998518392091162
12,1,1,0.20129852008866006,0.9795299412524945,336,0.017213356155834685,0.9998518392091162
12,1,1,0.20129852008866006,0.9795299412524945,336,0.017213356155834685,0.9998518392091162
12,1,1,0.20129852008866006,0.9795299412524945,336,0.017213356155834685,0.9998518392091162
12,1,1,0.20129852008866006,0.9795299412524945,336,0.017213356155834685,0.9998518392091162
12,1,1,0.20129852008866006,0.9795299412524945,336,0.017213356155834685,0.9998518392091162
12,1,1,0.20129852008866006,0.9795299412524945,336,0.017213356155834685,0.9998518392091162
12,1,1,0.20129852008866006,0.9795299412524945,336,0.017213356155834685,0.9998518392091162
12,2,1,0.39435585511331855,0.9189578116202306,337,0.03442161162274574,0.9994074007397048
12,2,1,0.39435585511331855,0.9189578116202306,337,0.03442161162274574,0.9994074007397048
12,2,1,0.39435585511331855,0.9189578116202306,337,0.03442161162274574,0.9994074007397048
12,2,1,0.39435585511331855,0.9189578116202306,337,0.03442161162274574,0.9994074007397048
12,2,1,0.39435585511331855,0.9189578116202306,337,0.03442161162274574,0.9994074007397048
12,2,1,0.39435585511331855,0.9189578116202306,337,0.03442161162274574,0.9994074007397048
12,2,1,0.39435585511331855,0.9189578116202306,337,0.03442161162274574,0.9994074007397048
12,2,1,0.39435585511331855,0.9189578116202306,337,0.03442161162274574,0.9994074007397048
12,2,1,0.39435585511331855,0.9189578116202306,337,0.03442161162274574,0.9994074007397048
12,2,1,0.39435585511331855,0.9189578116202306,337,0.03442161162274574,0.9994074007397048
12,2,1,0.39435585511331855,0.9189578116202306,337,0.03442161162274574,0.9994074007397048
12,2,1,0.39435585511331855,0.9189578116202306,337,0.03442161162274574,0.9994074007397048
12,2,1,0.39435585511331855,0.9189578116202306,337,0.03442161162274574,0.9994074007397048
12,2,1,0.39435585511331855,0.9189578116202306,337,0.03442161162274574,0.9994074007397048
12,2,1,0.39435585511331855,0.9189578116202306,337,0.03442161162274574,0.9994074007397048
12,2,1,0.39435585511331855,0.9189578116202306,337,0.03442161162274574,0.9994074007397048
12,2,1,0.39435585511331855,0.9189578116202306,337,0.03442161162274574,0.9994074007397048
12,2,1,0.39435585511331855,0.9189578116202306,337,0.03442161162274574,0.9994074007397048
12,2,1,0.39435585511331855,0.9189578116202306,337,0.03442161162274574,0.9994074007397048
12,2,1,0.39435585511331855,0.9189578116202306,337,0.03442161162274574,0.9994074007397048
12,2,1,0.39435585511331855,0.9189578116202306,337,0.03442161162274574,0.9994074007397048
12,2,1,0.39435585511331855,0.9189578116202306,337,0.03442161162274574,0.9994074007397048
12,2,1,0.39435585511331855,0.9189578116202306,337,0.03442161162274574,0.9994074007397048
12,2,1,0.39435585511331855,0.9189578116202306,337,0.03442161162274574,0.9994074007397048
12,3,1,0.5712682150947923,0.8207634412072763,338,0.051619667223253764,0.998666816288476
12,3,1,0.5712682150947923,0.8207634412072763,338,0.051619667223253764,0.998666816288476
12,3,1,0.5712682150947923,0.8207634412072763,338,0.051619667223253764,0.998666816288476
12,3,1,0.5712682150947923,0.8207634412072763,338,0.051619667223253764,0.998666816288476
12,3,1,0.5712682150947923,0.8207634412072763,338,0.051619667223253764,0.998666816288476
12,3,1,0.5712682150947923,0.8207634412072763,338,0.051619667223253764,0.998666816288476
12,3,1,0.5712682150947923,0.8207634412072763,338,0.051619667223253764,0.998666816288476
12,3,1,0.5712682150947923,0.8207634412072763,338,0.051619667223253764,0.998666816288476
12,3,1,0.5712682150947923,0.8207634412072763,338,0.051619667223253764,0.998666816288476
12,3,1,0.5712682150947923,0.8207634412072763,338,0.051619667223253764,0.998666816288476
12,3,1,0.5712682150947923,0.8207634412072763,338,0.051619667223253764,0.998666816288476
12,3,1,0.5712682150947923,0.8207634412072763,338,0.051619667223253764,0.998666816288476
12,3,1,0.5712682150947923,0.8207634412072763,338,0.051619667223253764,0.998666816288476
12,3,1,0.5712682150947923,0.8207634412072763,338,0.051619667223253764,0.998666816288476
12,3,1,0.5712682150947923,0.8207634412072763,338,0.051619667223253764,0.998666816288476
12,3,1,0.5712682150947923,0.8207634412072763,338,0.051619667223253764,0.998666816288476
12,3,1,0.5712682150947923,0.8207634412072763,338,0.051619667223253764,0.998666816288476
12,3,1,0.5712682150947923,0.8207634412072763,338,0.051619667223253764,0.998666816288476
12,3,1,0.5712682150947923,0.8207634412072763,338,0.051619667223253764,0.998666816288476
12,3,1,0.5712682150947923,0.8207634412072763,338,0.051619667223253764,0.998666816288476
12,3,1,0.5712682150947923,0.8207634412072763,338,0.051619667223253764,0.998666816288476
12,3,1,0.5712682150947923,0.8207634412072763,338,0.051619667223253764,0.998666816288476
12,3,1,0.5712682150947923,0.8207634412072763,338,0.051619667223253764,0.998666816288476
12,3,1,0.5712682150947923,0.8207634412072763,338,0.051619667223253764,0.998666816288476
12,4,1,0.72479278722912,0.6889669190756866,339,0.06880242680231986,0.9976303053065857
12,4,1,0.72479278722912,0.6889669190756866,339,0.06880242680231986,0.9976303053065857
12,4,1,0.72479278722912,0.6889669190756866,339,0.06880242680231986,0.9976303053065857
12,4,1,0.72479278722912,0.6889669190756866,339,0.06880242680231986,0.9976303053065857
12,4,1,0.72479278722912,0.6889669190756866,339,0.06880242680231986,0.9976303053065857
12,4,1,0.72479278722912,0.6889669190756866,339,0.06880242680231986,0.9976303053065857
12,4,1,0.72479278722912,0.6889669190756866,339,0.06880242680231986,0.9976303053065857
12,4,1,0.72479278722912,0.6889669190756866,339,0.06880242680231986,0.9976303053065857
12,4,1,0.72479278722912,0.6889669190756866,339,0.06880242680231986,0.9976303053065857
12,4,1,0.72479278722912,0.6889669190756866,339,0.06880242680231986,0.9976303053065857
12,4,1,0.72479278722912,0.6889669190756866,339,0.06880242680231986,0.9976303053065857
12,4,1,0.72479278722912,0.6889669190756866,339,0.06880242680231986,0.9976303053065857
12,4,1,0.72479278722912,0.6889669190756866,339,0.06880242680231986,0.9976303053065857
12,4,1,0.72479278722912,0.6889669190756866,339,0.06880242680231986,0.9976303053065857
12,4,1,0.72479278722912,0.6889669190756866,339,0.06880242680231986,0.9976303053065857
12,4,1,0.72479278722912,0.6889669190756866,339,0.06880242680231986,0.9976303053065857
12,4,1,0.72479278722912,0.6889669190756866,339,0.06880242680231986,0.9976303053065857
12,4,1,0.72479278722912,0.6889669190756866,339,0.06880242680231986,0.9976303053065857
12,4,1,0.72479278722912,0.6889669190756866,339,0.06880242680231986,0.9976303053065857
12,4,1,0.72479278722912,0.6889669190756866,339,0.06880242680231986,0.9976303053065857
12,4,1,0.72479278722912,0.6889669190756866,339,0.06880242680231986,0.9976303053065857
12,4,1,0.72479278722912,0.6889669190756866,339,0.06880242680231986,0.9976303053065857
12,4,1,0.72479278722912,0.6889669190756866,339,0.06880242680231986,0.9976303053065857
12,4,1,0.72479278722912,0.6889669190756866,339,0.06880242680231986,0.9976303053065857
12,5,1,0.8486442574947509,0.5289640103269624,340,0.08596479873744647,0.9962981749346078
12,5,1,0.8486442574947509,0.5289640103269624,340,0.08596479873744647,0.9962981749346078
12,5,1,0.8486442574947509,0.5289640103269624,340,0.08596479873744647,0.9962981749346078
12,5,1,0.8486442574947509,0.5289640103269624,340,0.08596479873744647,0.9962981749346078
12,5,1,0.8486442574947509,0.5289640103269624,340,0.08596479873744647,0.9962981749346078
12,5,1,0.8486442574947509,0.5289640103269624,340,0.08596479873744647,0.9962981749346078
12,5,1,0.8486442574947509,0.5289640103269624,340,0.08596479873744647,0.9962981749346078
12,5,1,0.8486442574947509,0.5289640103269624,340,0.08596479873744647,0.9962981749346078
12,5,1,0.8486442574947509,0.5289640103269624,340,0.08596479873744647,0.9962981749346078
12,5,1,0.8486442574947509,0.5289640103269624,340,0.08596479873744647,0.9962981749346078
12,5,1,0.8486442574947509,0.5289640103269624,340,0.08596479873744647,0.9962981749346078
12,5,1,0.8486442574947509,0.5289640103269624,340,0.08596479873744647,0.9962981749346078
12,5,1,0.8486442574947509,0.5289640103269624,340,0.08596479873744647,0.9962981749346078
12,5,1,0.8486442574947509,0.5289640103269624,340,0.08596479873744647,0.9962981749346078
12,5,1,0.8486442574947509,0.5289640103269624,340,0.08596479873744647,0.9962981749346078
12,5,1,0.8486442574947509,0.5289640103269624,340,0.08596479873744647,0.9962981749346078
12,5,1,0.8486442574947509,0.5289640103269624,340,0.08596479873744647,0.9962981749346078
12,5,1,0.8486442574947509,0.5289640103269624,340,0.08596479873744647,0.9962981749346078
12,5,1,0.8486442574947509,0.5289640103269624,340,0.08596479873744647,0.9962981749346078
12,5,1,0.8486442574947509,0.5289640103269624,340,0.08596479873744647,0.9962981749346078
12,5,1,0.8486442574947509,0.5289640103269624,340,0.08596479873744647,0.9962981749346078
12,5,1,0.8486442574947509,0.5289640103269624,340,0.08596479873744647,0.9962981749346078
12,5,1,0.8486442574947509,0.5289640103269624,340,0.08596479873744647,0.9962981749346078
12,5,1,0.8486442574947509,0.5289640103269624,340,0.08596479873744647,0.9962981749346078
12,7,2,0.9884683243281114,0.1514277775045767,342,0.1202080448993527,0.9927487224577402
12,7,2,0.9884683243281114,0.1514277775045767,342,0.1202080448993527,0.9927487224577402
12,7,2,0.9884683243281114,0.1514277775045767,342,0.1202080448993527,0.9927487224577402
12,7,2,0.9884683243281114,0.1514277775045767,342,0.1202080448993527,0.9927487224577402
12,7,2,0.9884683243281114,0.1514277775045767,342,0.1202080448993527,0.9927487224577402
12,7,2,0.9884683243281114,0.1514277775045767,342,0.1202080448993527,0.9927487224577402
12,7,2,0.9884683243281114,0.1514277775045767,342,0.1202080448993527,0.9927487224577402
12,7,2,0.9884683243281114,0.1514277775045767,342,0.1202080448993527,0.9927487224577402
12,7,2,0.9884683243281114,0.1514277775045767,342,0.1202080448993527,0.9927487224577402
12,7,2,0.9884683243281114,0.1514277775045767,342,0.1202080448993527,0.9927487224577402
12,7,2,0.9884683243281114,0.1514277775045767,342,0.1202080448993527,0.9927487224577402
12,7,2,0.9884683243281114,0.1514277775045767,342,0.1202080448993527,0.9927487224577402
12,7,2,0.9884683243281114,0.1514277775045767,342,0.1202080448993527,0.9927487224577402
12,7,2,0.9884683243281114,0.1514277775045767,342,0.1202080448993527,0.9927487224577402
12,7,2,0.9884683243281114,0.1514277775045767,342,0.1202080448993527,0.9927487224577402
12,7,2,0.9884683243281114,0.1514277775045767,342,0.1202080448993527,0.9927487224577402
12,7,2,0.9884683243281114,0.1514277775045767,342,0.1202080448993527,0.9927487224577402
12,7,2,0.9884683243281114,0.1514277775045767,342,0.1202080448993527,0.9927487224577402
12,7,2,0.9884683243281114,0.1514277775045767,342,0.1202080448993527,0.9927487224577402
12,7,2,0.9884683243281114,0.1514277775045767,342,0.1202080448993527,0.9927487224577402
12,7,2,0.9884683243281114,0.1514277775045767,342,0.1202080448993527,0.9927487224577402
12,7,2,0.9884683243281114,0.1514277775045767,342,0.1202080448993527,0.9927487224577402
12,7,2,0.9884683243281114,0.1514277775045767,342,0.1202080448993527,0.9927487224577402
12,8,2,0.9987165071710528,-0.05064916883871264,343,0.13727877211326478,0.9905324521322229
12,8,2,0.9987165071710528,-0.05064916883871264,343,0.13727877211326478,0.9905324521322229
12,8,2,0.9987165071710528,-0.05064916883871264,343,0.13727877211326478,0.9905324521322229
12,8,2,0.9987165071710528,-0.05064916883871264,343,0.13727877211326478,0.9905324521322229
12,8,2,0.9987165071710528,-0.05064916883871264,343,0.13727877211326478,0.9905324521322229
12,8,2,0.9987165071710528,-0.05064916883871264,343,0.13727877211326478,0.9905324521322229
12,8,2,0.9987165071710528,-0.05064916883871264,343,0.13727877211326478,0.9905324521322229
12,8,2,0.9987165071710528,-0.05064916883871264,343,0.13727877211326478,0.9905324521322229
12,8,2,0.9987165071710528,-0.05064916883871264,343,0.13727877211326478,0.9905324521322229
12,8,2,0.9987165071710528,-0.05064916883871264,343,0.13727877211326478,0.9905324521322229
12,8,2,0.9987165071710528,-0.05064916883871264,343,0.13727877211326478,0.9905324521322229
12,8,2,0.9987165071710528,-0.05064916883871264,343,0.13727877211326478,0.9905324521322229
12,8,2,0.9987165071710528,-0.05064916883871264,343,0.13727877211326478,0.9905324521322229
12,8,2,0.9987165071710528,-0.05064916883871264,343,0.13727877211326478,0.9905324521322229
12,8,2,0.9987165071710528,-0.05064916883871264,343,0.13727877211326478,0.9905324521322229
12,8,2,0.9987165071710528,-0.05064916883871264,343,0.13727877211326478,0.9905324521322229
12,8,2,0.9987165071710528,-0.05064916883871264,343,0.13727877211326478,0.9905324521322229
12,8,2,0.9987165071710528,-0.05064916883871264,343,0.13727877211326478,0.9905324521322229
12,8,2,0.9987165071710528,-0.05064916883871264,343,0.13727877211326478,0.9905324521322229
12,8,2,0.9987165071710528,-0.05064916883871264,343,0.13727877211326478,0.9905324521322229
12,8,2,0.9987165071710528,-0.05064916883871264,343,0.13727877211326478,0.9905324521322229
12,8,2,0.9987165071710528,-0.05064916883871264,343,0.13727877211326478,0.9905324521322229
12,8,2,0.9987165071710528,-0.05064916883871264,343,0.13727877211326478,0.9905324521322229
12,8,2,0.9987165071710528,-0.05064916883871264,343,0.13727877211326478,0.9905324521322229
12,9,2,0.9680771188662043,-0.2506525322587204,344,0.15430882066428117,0.9880226656636976
12,9,2,0.9680771188662043,-0.2506525322587204,344,0.15430882066428117,0.9880226656636976
12,9,2,0.9680771188662043,-0.2506525322587204,344,0.15430882066428117,0.9880226656636976
12,9,2,0.9680771188662043,-0.2506525322587204,344,0.15430882066428117,0.9880226656636976
12,9,2,0.9680771188662043,-0.2506525322587204,344,0.15430882066428117,0.9880226656636976
12,9,2,0.9680771188662043,-0.2506525322587204,344,0.15430882066428117,0.9880226656636976
12,9,2,0.9680771188662043,-0.2506525322587204,344,0.15430882066428117,0.9880226656636976
12,9,2,0.9680771188662043,-0.2506525322587204,344,0.15430882066428117,0.9880226656636976
12,9,2,0.9680771188662043,-0.2506525322587204,344,0.15430882066428117,0.9880226656636976
12,9,2,0.9680771188662043,-0.2506525322587204,344,0.15430882066428117,0.9880226656636976
12,9,2,0.9680771188662043,-0.2506525322587204,344,0.15430882066428117,0.9880226656636976
12,9,2,0.9680771188662043,-0.2506525322587204,344,0.15430882066428117,0.9880226656636976
12,9,2,0.9680771188662043,-0.2506525322587204,344,0.15430882066428117,0.9880226656636976
12,9,2,0.9680771188662043,-0.2506525322587204,344,0.15430882066428117,0.9880226656636976
12,9,2,0.9680771188662043,-0.2506525322587204,344,0.15430882066428117,0.9880226656636976
12,9,2,0.9680771188662043,-0.2506525322587204,344,0.15430882066428117,0.9880226656636976
12,9,2,0.9680771188662043,-0.2506525322587204,344,0.15430882066428117,0.9880226656636976
12,9,2,0.9680771188662043,-0.2506525322587204,344,0.15430882066428117,0.9880226656636976
12,9,2,0.9680771188662043,-0.2506525322587204,344,0.15430882066428117,0.9880226656636976
12,9,2,0.9680771188662043,-0.2506525322587204,344,0.15430882066428117,0.9880226656636976
12,9,2,0.9680771188662043,-0.2506525322587204,344,0.15430882066428117,0.9880226656636976
12,9,2,0.9680771188662043,-0.2506525322587204,344,0.15430882066428117,0.9880226656636976
12,9,2,0.9680771188662043,-0.2506525322587204,344,0.15430882066428117,0.9880226656636976
12,9,2,0.9680771188662043,-0.2506525322587204,344,0.15430882066428117,0.9880226656636976
12,10,2,0.8978045395707416,-0.4403941515576344,345,0.1712931441814776,0.9852201067560606
12,10,2,0.8978045395707416,-0.4403941515576344,345,0.1712931441814776,0.9852201067560606
12,10,2,0.8978045395707416,-0.4403941515576344,345,0.1712931441814776,0.9852201067560606
12,10,2,0.8978045395707416,-0.4403941515576344,345,0.1712931441814776,0.9852201067560606
12,10,2,0.8978045395707416,-0.4403941515576344,345,0.1712931441814776,0.9852201067560606
12,10,2,0.8978045395707416,-0.4403941515576344,345,0.1712931441814776,0.9852201067560606
12,10,2,0.8978045395707416,-0.4403941515576344,345,0.1712931441814776,0.9852201067560606
12,10,2,0.8978045395707416,-0.4403941515576344,345,0.1712931441814776,0.9852201067560606
12,10,2,0.8978045395707416,-0.4403941515576344,345,0.1712931441814776,0.9852201067560606
12,10,2,0.8978045395707416,-0.4403941515576344,345,0.1712931441814776,0.9852201067560606
12,10,2,0.8978045395707416,-0.4403941515576344,345,0.1712931441814776,0.9852201067560606
12,10,2,0.8978045395707416,-0.4403941515576344,345,0.1712931441814776,0.9852201067560606
12,10,2,0.8978045395707416,-0.4403941515576344,345,0.1712931441814776,0.9852201067560606
12,10,2,0.8978045395707416,-0.4403941515576344,345,0.1712931441814776,0.9852201067560606
12,10,2,0.8978045395707416,-0.4403941515576344,345,0.1712931441814776,0.9852201067560606
12,10,2,0.8978045395707416,-0.4403941515576344,345,0.1712931441814776,0.9852201067560606
12,10,2,0.8978045395707416,-0.4403941515576344,345,0.1712931441814776,0.9852201067560606
12,10,2,0.8978045395707416,-0.4403941515576344,345,0.1712931441814776,0.9852201067560606
12,10,2,0.8978045395707416,-0.4403941515576344,345,0.1712931441814776,0.9852201067560606
12,10,2,0.8978045395707416,-0.4403941515576344,345,0.1712931441814776,0.9852201067560606
12,10,2,0.8978045395707416,-0.4403941515576344,345,0.1712931441814776,0.9852201067560606
12,10,2,0.8978045395707416,-0.4403941515576344,345,0.1712931441814776,0.9852201067560606
12,10,2,0.8978045395707416,-0.4403941515576344,345,0.1712931441814776,0.9852201067560606
12,10,2,0.8978045395707416,-0.4403941515576344,345,0.1712931441814776,0.9852201067560606
12,11,2,0.7907757369376989,-0.6121059825476626,346,0.1882267098432442,0.9821256058680006
12,11,2,0.7907757369376989,-0.6121059825476626,346,0.1882267098432442,0.9821256058680006
12,11,2,0.7907757369376989,-0.6121059825476626,346,0.1882267098432442,0.9821256058680006
12,11,2,0.7907757369376989,-0.6121059825476626,346,0.1882267098432442,0.9821256058680006
12,11,2,0.7907757369376989,-0.6121059825476626,346,0.1882267098432442,0.9821256058680006
12,11,2,0.7907757369376989,-0.6121059825476626,346,0.1882267098432442,0.9821256058680006
12,11,2,0.7907757369376989,-0.6121059825476626,346,0.1882267098432442,0.9821256058680006
12,11,2,0.7907757369376989,-0.6121059825476626,346,0.1882267098432442,0.9821256058680006
12,11,2,0.7907757369376989,-0.6121059825476626,346,0.1882267098432442,0.9821256058680006
12,11,2,0.7907757369376989,-0.6121059825476626,346,0.1882267098432442,0.9821256058680006
12,11,2,0.7907757369376989,-0.6121059825476626,346,0.1882267098432442,0.9821256058680006
12,11,2,0.7907757369376989,-0.6121059825476626,346,0.1882267098432442,0.9821256058680006
12,11,2,0.7907757369376989,-0.6121059825476626,346,0.1882267098432442,0.9821256058680006
12,11,2,0.7907757369376989,-0.6121059825476626,346,0.1882267098432442,0.9821256058680006
12,11,2,0.7907757369376989,-0.6121059825476626,346,0.1882267098432442,0.9821256058680006
12,11,2,0.7907757369376989,-0.6121059825476626,346,0.1882267098432442,0.9821256058680006
12,11,2,0.7907757369376989,-0.6121059825476626,346,0.1882267098432442,0.9821256058680006
12,11,2,0.7907757369376989,-0.6121059825476626,346,0.1882267098432442,0.9821256058680006
12,11,2,0.7907757369376989,-0.6121059825476626,346,0.1882267098432442,0.9821256058680006
12,11,2,0.7907757369376989,-0.6121059825476626,346,0.1882267098432442,0.9821256058680006
12,11,2,0.7907757369376989,-0.6121059825476626,346,0.1882267098432442,0.9821256058680006
12,11,2,0.7907757369376989,-0.6121059825476626,346,0.1882267098432442,0.9821256058680006
12,11,2,0.7907757369376989,-0.6121059825476626,346,0.1882267098432442,0.9821256058680006
12,11,2,0.7907757369376989,-0.6121059825476626,346,0.1882267098432442,0.9821256058680006
12,12,2,0.6513724827222223,-0.758758122692791,347,0.2051044998686192,0.9787400799669153
12,12,2,0.6513724827222223,-0.758758122692791,347,0.2051044998686192,0.9787400799669153
12,12,2,0.6513724827222223,-0.758758122692791,347,0.2051044998686192,0.9787400799669153
12,12,2,0.6513724827222223,-0.758758122692791,347,0.2051044998686192,0.9787400799669153
12,12,2,0.6513724827222223,-0.758758122692791,347,0.2051044998686192,0.9787400799669153
12,12,2,0.6513724827222223,-0.758758122692791,347,0.2051044998686192,0.9787400799669153
12,12,2,0.6513724827222223,-0.758758122692791,347,0.2051044998686192,0.9787400799669153
12,12,2,0.6513724827222223,-0.758758122692791,347,0.2051044998686192,0.9787400799669153
12,12,2,0.6513724827222223,-0.758758122692791,347,0.2051044998686192,0.9787400799669153
12,12,2,0.6513724827222223,-0.758758122692791,347,0.2051044998686192,0.9787400799669153
12,12,2,0.6513724827222223,-0.758758122692791,347,0.2051044998686192,0.9787400799669153
12,12,2,0.6513724827222223,-0.758758122692791,347,0.2051044998686192,0.9787400799669153
12,12,2,0.6513724827222223,-0.758758122692791,347,0.2051044998686192,0.9787400799669153
12,12,2,0.6513724827222223,-0.758758122692791,347,0.2051044998686192,0.9787400799669153
12,12,2,0.6513724827222223,-0.758758122692791,347,0.2051044998686192,0.9787400799669153
12,12,2,0.6513724827222223,-0.758758122692791,347,0.2051044998686192,0.9787400799669153
12,12,2,0.6513724827222223,-0.758758122692791,347,0.2051044998686192,0.9787400799669153
12,12,2,0.6513724827222223,-0.758758122692791,347,0.2051044998686192,0.9787400799669153
12,12,2,0.6513724827222223,-0.758758122692791,347,0.2051044998686192,0.9787400799669153
12,12,2,0.6513724827222223,-0.758758122692791,347,0.2051044998686192,0.9787400799669153
12,12,2,0.6513724827222223,-0.758758122692791,347,0.2051044998686192,0.9787400799669153
12,14,3,0.29936312297335804,-0.9541392564000488,349,0.2386727660059501,0.9711000518829505
12,14,3,0.29936312297335804,-0.9541392564000488,349,0.2386727660059501,0.9711000518829505
12,14,3,0.29936312297335804,-0.9541392564000488,349,0.2386727660059501,0.9711000518829505
12,14,3,0.29936312297335804,-0.9541392564000488,349,0.2386727660059501,0.9711000518829505
12,14,3,0.29936312297335804,-0.9541392564000488,349,0.2386727660059501,0.9711000518829505
12,14,3,0.29936312297335804,-0.9541392564000488,349,0.2386727660059501,0.9711000518829505
12,14,3,0.29936312297335804,-0.9541392564000488,349,0.2386727660059501,0.9711000518829505
12,14,3,0.29936312297335804,-0.9541392564000488,349,0.2386727660059501,0.9711000518829505
12,14,3,0.29936312297335804,-0.9541392564000488,349,0.2386727660059501,0.9711000518829505
12,14,3,0.29936312297335804,-0.9541392564000488,349,0.2386727660059501,0.9711000518829505
12,14,3,0.29936312297335804,-0.9541392564000488,349,0.2386727660059501,0.9711000518829505
12,14,3,0.29936312297335804,-0.9541392564000488,349,0.2386727660059501,0.9711000518829505
12,14,3,0.29936312297335804,-0.9541392564000488,349,0.2386727660059501,0.9711000518829505
12,14,3,0.29936312297335804,-0.9541392564000488,349,0.2386727660059501,0.9711000518829505
12,14,3,0.29936312297335804,-0.9541392564000488,349,0.2386727660059501,0.9711000518829505
12,14,3,0.29936312297335804,-0.9541392564000488,349,0.2386727660059501,0.9711000518829505
12,14,3,0.29936312297335804,-0.9541392564000488,349,0.2386727660059501,0.9711000518829505
12,14,3,0.29936312297335804,-0.9541392564000488,349,0.2386727660059501,0.9711000518829505
12,14,3,0.29936312297335804,-0.9541392564000488,349,0.2386727660059501,0.9711000518829505
12,14,3,0.29936312297335804,-0.9541392564000488,349,0.2386727660059501,0.9711000518829505
12,14,3,0.29936312297335804,-0.9541392564000488,349,0.2386727660059501,0.9711000518829505
12,14,3,0.29936312297335804,-0.9541392564000488,349,0.2386727660059501,0.9711000518829505
12,14,3,0.29936312297335804,-0.9541392564000488,349,0.2386727660059501,0.9711000518829505
12,14,3,0.29936312297335804,-0.9541392564000488,349,0.2386727660059501,0.9711000518829505
12,15,3,0.10116832198743272,-0.994869323391895,350,0.255353295116187,0.9668478136052775
12,15,3,0.10116832198743272,-0.994869323391895,350,0.255353295116187,0.9668478136052775
12,15,3,0.10116832198743272,-0.994869323391895,350,0.255353295116187,0.9668478136052775
12,15,3,0.10116832198743272,-0.994869323391895,350,0.255353295116187,0.9668478136052775
12,15,3,0.10116832198743272,-0.994869323391895,350,0.255353295116187,0.9668478136052775
12,15,3,0.10116832198743272,-0.994869323391895,350,0.255353295116187,0.9668478136052775
12,15,3,0.10116832198743272,-0.994869323391895,350,0.255353295116187,0.9668478136052775
12,15,3,0.10116832198743272,-0.994869323391895,350,0.255353295116187,0.9668478136052775
12,15,3,0.10116832198743272,-0.994869323391895,350,0.255353295116187,0.9668478136052775
12,15,3,0.10116832198743272,-0.994869323391895,350,0.255353295116187,0.9668478136052775
12,15,3,0.10116832198743272,-0.994869323391895,350,0.255353295116187,0.9668478136052775
12,15,3,0.10116832198743272,-0.994869323391895,350,0.255353295116187,0.9668478136052775
12,15,3,0.10116832198743272,-0.994869323391895,350,0.255353295116187,0.9668478136052775
12,15,3,0.10116832198743272,-0.994869323391895,350,0.255353295116187,0.9668478136052775
12,15,3,0.10116832198743272,-0.994869323391895,350,0.255353295116187,0.9668478136052775
12,15,3,0.10116832198743272,-0.994869323391895,350,0.255353295116187,0.9668478136052775
12,15,3,0.10116832198743272,-0.994869323391895,350,0.255353295116187,0.9668478136052775
12,15,3,0.10116832198743272,-0.994869323391895,350,0.255353295116187,0.9668478136052775
12,15,3,0.10116832198743272,-0.994869323391895,350,0.255353295116187,0.9668478136052775
12,15,3,0.10116832198743272,-0.994869323391895,350,0.255353295116187,0.9668478136052775
12,15,3,0.10116832198743272,-0.994869323391895,350,0.255353295116187,0.9668478136052775
12,15,3,0.10116832198743272,-0.994869323391895,350,0.255353295116187,0.9668478136052775
12,15,3,0.10116832198743272,-0.994869323391895,350,0.255353295116187,0.9668478136052775
12,15,3,0.10116832198743272,-0.994869323391895,350,0.255353295116187,0.9668478136052775
12,16,3,-0.10116832198743204,-0.9948693233918952,351,0.2719581575341055,0.9623090774541486
12,16,3,-0.10116832198743204,-0.9948693233918952,351,0.2719581575341055,0.9623090774541486
12,16,3,-0.10116832198743204,-0.9948693233918952,351,0.2719581575341055,0.9623090774541486
12,16,3,-0.10116832198743204,-0.9948693233918952,351,0.2719581575341055,0.9623090774541486
12,16,3,-0.10116832198743204,-0.9948693233918952,351,0.2719581575341055,0.9623090774541486
12,16,3,-0.10116832198743204,-0.9948693233918952,351,0.2719581575341055,0.9623090774541486
12,16,3,-0.10116832198743204,-0.9948693233918952,351,0.2719581575341055,0.9623090774541486
12,16,3,-0.10116832198743204,-0.9948693233918952,351,0.2719581575341055,0.9623090774541486
12,16,3,-0.10116832198743204,-0.9948693233918952,351,0.2719581575341055,0.9623090774541486
12,16,3,-0.10116832198743204,-0.9948693233918952,351,0.2719581575341055,0.9623090774541486
12,16,3,-0.10116832198743204,-0.9948693233918952,351,0.2719581575341055,0.9623090774541486
12,16,3,-0.10116832198743204,-0.9948693233918952,351,0.2719581575341055,0.9623090774541486
12,16,3,-0.10116832198743204,-0.9948693233918952,351,0.2719581575341055,0.9623090774541486
12,16,3,-0.10116832198743204,-0.9948693233918952,351,0.2719581575341055,0.9623090774541486
12,16,3,-0.10116832198743204,-0.9948693233918952,351,0.2719581575341055,0.9623090774541486
12,16,3,-0.10116832198743204,-0.9948693233918952,351,0.2719581575341055,0.9623090774541486
12,16,3,-0.10116832198743204,-0.9948693233918952,351,0.2719581575341055,0.9623090774541486
12,16,3,-0.10116832198743204,-0.9948693233918952,351,0.2719581575341055,0.9623090774541486
12,16,3,-0.10116832198743204,-0.9948693233918952,351,0.2719581575341055,0.9623090774541486
12,16,3,-0.10116832198743204,-0.9948693233918952,351,0.2719581575341055,0.9623090774541486
12,16,3,-0.10116832198743204,-0.9948693233918952,351,0.2719581575341055,0.9623090774541486
12,16,3,-0.10116832198743204,-0.9948693233918952,351,0.2719581575341055,0.9623090774541486
12,16,3,-0.10116832198743204,-0.9948693233918952,351,0.2719581575341055,0.9623090774541486
12,16,3,-0.10116832198743204,-0.9948693233918952,351,0.2719581575341055,0.9623090774541486
12,17,3,-0.2993631229733582,-0.9541392564000488,352,0.288482432880609,0.9574851883550393
12,17,3,-0.2993631229733582,-0.9541392564000488,352,0.288482432880609,0.9574851883550393
12,17,3,-0.2993631229733582,-0.9541392564000488,352,0.288482432880609,0.9574851883550393
12,17,3,-0.2993631229733582,-0.9541392564000488,352,0.288482432880609,0.9574851883550393
12,17,3,-0.2993631229733582,-0.9541392564000488,352,0.288482432880609,0.9574851883550393
12,17,3,-0.2993631229733582,-0.9541392564000488,352,0.288482432880609,0.9574851883550393
12,17,3,-0.2993631229733582,-0.9541392564000488,352,0.288482432880609,0.9574851883550393
12,17,3,-0.2993631229733582,-0.9541392564000488,352,0.288482432880609,0.9574851883550393
12,17,3,-0.2993631229733582,-0.9541392564000488,352,0.288482432880609,0.9574851883550393
12,17,3,-0.2993631229733582,-0.9541392564000488,352,0.288482432880609,0.9574851883550393
12,17,3,-0.2993631229733582,-0.9541392564000488,352,0.288482432880609,0.9574851883550393
12,17,3,-0.2993631229733582,-0.9541392564000488,352,0.288482432880609,0.9574851883550393
12,17,3,-0.2993631229733582,-0.9541392564000488,352,0.288482432880609,0.9574851883550393
12,17,3,-0.2993631229733582,-0.9541392564000488,352,0.288482432880609,0.9574851883550393
12,17,3,-0.2993631229733582,-0.9541392564000488,352,0.288482432880609,0.9574851883550393
12,17,3,-0.2993631229733582,-0.9541392564000488,352,0.288482432880609,0.9574851883550393
12,17,3,-0.2993631229733582,-0.9541392564000488,352,0.288482432880609,0.9574851883550393
12,17,3,-0.2993631229733582,-0.9541392564000488,352,0.288482432880609,0.9574851883550393
12,17,3,-0.2993631229733582,-0.9541392564000488,352,0.288482432880609,0.9574851883550393
12,17,3,-0.2993631229733582,-0.9541392564000488,352,0.288482432880609,0.9574851883550393
12,17,3,-0.2993631229733582,-0.9541392564000488,352,0.288482432880609,0.9574851883550393
12,17,3,-0.2993631229733582,-0.9541392564000488,352,0.288482432880609,0.9574851883550393
12,17,3,-0.2993631229733582,-0.9541392564000488,352,0.288482432880609,0.9574851883550393
12,17,3,-0.2993631229733582,-0.9541392564000488,352,0.288482432880609,0.9574851883550393
12,18,3,-0.4853019625310808,-0.8743466161445822,353,0.30492122465628907,0.9523775757303974
12,18,3,-0.4853019625310808,-0.8743466161445822,353,0.30492122465628907,0.9523775757303974
12,18,3,-0.4853019625310808,-0.8743466161445822,353,0.30492122465628907,0.9523775757303974
12,18,3,-0.4853019625310808,-0.8743466161445822,353,0.30492122465628907,0.9523775757303974
12,18,3,-0.4853019625310808,-0.8743466161445822,353,0.30492122465628907,0.9523775757303974
12,18,3,-0.4853019625310808,-0.8743466161445822,353,0.30492122465628907,0.9523775757303974
12,18,3,-0.4853019625310808,-0.8743466161445822,353,0.30492122465628907,0.9523775757303974
12,18,3,-0.4853019625310808,-0.8743466161445822,353,0.30492122465628907,0.9523775757303974
12,18,3,-0.4853019625310808,-0.8743466161445822,353,0.30492122465628907,0.9523775757303974
12,18,3,-0.4853019625310808,-0.8743466161445822,353,0.30492122465628907,0.9523775757303974
12,18,3,-0.4853019625310808,-0.8743466161445822,353,0.30492122465628907,0.9523775757303974
12,18,3,-0.4853019625310808,-0.8743466161445822,353,0.30492122465628907,0.9523775757303974
12,18,3,-0.4853019625310808,-0.8743466161445822,353,0.30492122465628907,0.9523775757303974
12,18,3,-0.4853019625310808,-0.8743466161445822,353,0.30492122465628907,0.9523775757303974
12,18,3,-0.4853019625310808,-0.8743466161445822,353,0.30492122465628907,0.9523775757303974
12,18,3,-0.4853019625310808,-0.8743466161445822,353,0.30492122465628907,0.9523775757303974
12,18,3,-0.4853019625310808,-0.8743466161445822,353,0.30492122465628907,0.9523775757303974
12,18,3,-0.4853019625310808,-0.8743466161445822,353,0.30492122465628907,0.9523775757303974
12,18,3,-0.4853019625310808,-0.8743466161445822,353,0.30492122465628907,0.9523775757303974
12,18,3,-0.4853019625310808,-0.8743466161445822,353,0.30492122465628907,0.9523775757303974
12,18,3,-0.4853019625310808,-0.8743466161445822,353,0.30492122465628907,0.9523775757303974
12,18,3,-0.4853019625310808,-0.8743466161445822,353,0.30492122465628907,0.9523775757303974
12,18,3,-0.4853019625310808,-0.8743466161445822,353,0.30492122465628907,0.9523775757303974
12,18,3,-0.4853019625310808,-0.8743466161445822,353,0.30492122465628907,0.9523775757303974
12,19,3,-0.651372482722222,-0.7587581226927911,354,0.3212696616923644,0.9469877530760753
12,19,3,-0.651372482722222,-0.7587581226927911,354,0.3212696616923644,0.9469877530760753
12,19,3,-0.651372482722222,-0.7587581226927911,354,0.3212696616923644,0.9469877530760753
12,19,3,-0.651372482722222,-0.7587581226927911,354,0.3212696616923644,0.9469877530760753
12,19,3,-0.651372482722222,-0.7587581226927911,354,0.3212696616923644,0.9469877530760753
12,19,3,-0.651372482722222,-0.7587581226927911,354,0.3212696616923644,0.9469877530760753
12,19,3,-0.651372482722222,-0.7587581226927911,354,0.3212696616923644,0.9469877530760753
12,19,3,-0.651372482722222,-0.7587581226927911,354,0.3212696616923644,0.9469877530760753
12,19,3,-0.651372482722222,-0.7587581226927911,354,0.3212696616923644,0.9469877530760753
12,19,3,-0.651372482722222,-0.7587581226927911,354,0.3212696616923644,0.9469877530760753
12,19,3,-0.651372482722222,-0.7587581226927911,354,0.3212696616923644,0.9469877530760753
12,19,3,-0.651372482722222,-0.7587581226927911,354,0.3212696616923644,0.9469877530760753
12,19,3,-0.651372482722222,-0.7587581226927911,354,0.3212696616923644,0.9469877530760753
12,19,3,-0.651372482722222,-0.7587581226927911,354,0.3212696616923644,0.9469877530760753
12,19,3,-0.651372482722222,-0.7587581226927911,354,0.3212696616923644,0.9469877530760753
12,19,3,-0.651372482722222,-0.7587581226927911,354,0.3212696616923644,0.9469877530760753
12,19,3,-0.651372482722222,-0.7587581226927911,354,0.3212696616923644,0.9469877530760753
12,19,3,-0.651372482722222,-0.7587581226927911,354,0.3212696616923644,0.9469877530760753
12,19,3,-0.651372482722222,-0.7587581226927911,354,0.3212696616923644,0.9469877530760753
12,19,3,-0.651372482722222,-0.7587581226927911,354,0.3212696616923644,0.9469877530760753
12,19,3,-0.651372482722222,-0.7587581226927911,354,0.3212696616923644,0.9469877530760753
12,19,3,-0.651372482722222,-0.7587581226927911,354,0.3212696616923644,0.9469877530760753
12,19,3,-0.651372482722222,-0.7587581226927911,354,0.3212696616923644,0.9469877530760753
12,19,3,-0.651372482722222,-0.7587581226927911,354,0.3212696616923644,0.9469877530760753
12,21,4,-0.8978045395707417,-0.44039415155763423,356,0.3536761221763716,0.9353679493131483
12,21,4,-0.8978045395707417,-0.44039415155763423,356,0.3536761221763716,0.9353679493131483
12,21,4,-0.8978045395707417,-0.44039415155763423,356,0.3536761221763716,0.9353679493131483
12,21,4,-0.8978045395707417,-0.44039415155763423,356,0.3536761221763716,0.9353679493131483
12,21,4,-0.8978045395707417,-0.44039415155763423,356,0.3536761221763716,0.9353679493131483
12,21,4,-0.8978045395707417,-0.44039415155763423,356,0.3536761221763716,0.9353679493131483
12,21,4,-0.8978045395707417,-0.44039415155763423,356,0.3536761221763716,0.9353679493131483
12,21,4,-0.8978045395707417,-0.44039415155763423,356,0.3536761221763716,0.9353679493131483
12,21,4,-0.8978045395707417,-0.44039415155763423,356,0.3536761221763716,0.9353679493131483
12,21,4,-0.8978045395707417,-0.44039415155763423,356,0.3536761221763716,0.9353679493131483
12,21,4,-0.8978045395707417,-0.44039415155763423,356,0.3536761221763716,0.9353679493131483
12,21,4,-0.8978045395707417,-0.44039415155763423,356,0.3536761221763716,0.9353679493131483
12,21,4,-0.8978045395707417,-0.44039415155763423,356,0.3536761221763716,0.9353679493131483
12,21,4,-0.8978045395707417,-0.44039415155763423,356,0.3536761221763716,0.9353679493131483
12,21,4,-0.8978045395707417,-0.44039415155763423,356,0.3536761221763716,0.9353679493131483
12,21,4,-0.8978045395707417,-0.44039415155763423,356,0.3536761221763716,0.9353679493131483
12,21,4,-0.8978045395707417,-0.44039415155763423,356,0.3536761221763716,0.9353679493131483
12,21,4,-0.8978045395707417,-0.44039415155763423,356,0.3536761221763716,0.9353679493131483
12,21,4,-0.8978045395707417,-0.44039415155763423,356,0.3536761221763716,0.9353679493131483
12,21,4,-0.8978045395707417,-0.44039415155763423,356,0.3536761221763716,0.9353679493131483
12,21,4,-0.8978045395707417,-0.44039415155763423,356,0.3536761221763716,0.9353679493131483
12,21,4,-0.8978045395707417,-0.44039415155763423,356,0.3536761221763716,0.9353679493131483
12,21,4,-0.8978045395707417,-0.44039415155763423,356,0.3536761221763716,0.9353679493131483
12,21,4,-0.8978045395707417,-0.44039415155763423,356,0.3536761221763716,0.9353679493131483
12,22,4,-0.9680771188662041,-0.2506525322587213,357,0.3697245428906731,0.9291414114031743
12,22,4,-0.9680771188662041,-0.2506525322587213,357,0.3697245428906731,0.9291414114031743
12,22,4,-0.9680771188662041,-0.2506525322587213,357,0.3697245428906731,0.9291414114031743
12,22,4,-0.9680771188662041,-0.2506525322587213,357,0.3697245428906731,0.9291414114031743
12,22,4,-0.9680771188662041,-0.2506525322587213,357,0.3697245428906731,0.9291414114031743
12,22,4,-0.9680771188662041,-0.2506525322587213,357,0.3697245428906731,0.9291414114031743
12,22,4,-0.9680771188662041,-0.2506525322587213,357,0.3697245428906731,0.9291414114031743
12,22,4,-0.9680771188662041,-0.2506525322587213,357,0.3697245428906731,0.9291414114031743
12,22,4,-0.9680771188662041,-0.2506525322587213,357,0.3697245428906731,0.9291414114031743
12,22,4,-0.9680771188662041,-0.2506525322587213,357,0.3697245428906731,0.9291414114031743
12,22,4,-0.9680771188662041,-0.2506525322587213,357,0.3697245428906731,0.9291414114031743
12,22,4,-0.9680771188662041,-0.2506525322587213,357,0.3697245428906731,0.9291414114031743
12,22,4,-0.9680771188662041,-0.2506525322587213,357,0.3697245428906731,0.9291414114031743
12,22,4,-0.9680771188662041,-0.2506525322587213,357,0.3697245428906731,0.9291414114031743
12,22,4,-0.9680771188662041,-0.2506525322587213,357,0.3697245428906731,0.9291414114031743
12,22,4,-0.9680771188662041,-0.2506525322587213,357,0.3697245428906731,0.9291414114031743
12,22,4,-0.9680771188662041,-0.2506525322587213,357,0.3697245428906731,0.9291414114031743
12,22,4,-0.9680771188662041,-0.2506525322587213,357,0.3697245428906731,0.9291414114031743
12,22,4,-0.9680771188662041,-0.2506525322587213,357,0.3697245428906731,0.9291414114031743
12,22,4,-0.9680771188662041,-0.2506525322587213,357,0.3697245428906731,0.9291414114031743
12,22,4,-0.9680771188662041,-0.2506525322587213,357,0.3697245428906731,0.9291414114031743
12,22,4,-0.9680771188662041,-0.2506525322587213,357,0.3697245428906731,0.9291414114031743
12,22,4,-0.9680771188662041,-0.2506525322587213,357,0.3697245428906731,0.9291414114031743
12,22,4,-0.9680771188662041,-0.2506525322587213,357,0.3697245428906731,0.9291414114031743
12,23,4,-0.9987165071710528,-0.05064916883871355,358,0.38566340624360707,0.9226395488404876
12,23,4,-0.9987165071710528,-0.05064916883871355,358,0.38566340624360707,0.9226395488404876
12,23,4,-0.9987165071710528,-0.05064916883871355,358,0.38566340624360707,0.9226395488404876
12,23,4,-0.9987165071710528,-0.05064916883871355,358,0.38566340624360707,0.9226395488404876
12,23,4,-0.9987165071710528,-0.05064916883871355,358,0.38566340624360707,0.9226395488404876
12,23,4,-0.9987165071710528,-0.05064916883871355,358,0.38566340624360707,0.9226395488404876
12,23,4,-0.9987165071710528,-0.05064916883871355,358,0.38566340624360707,0.9226395488404876
12,23,4,-0.9987165071710528,-0.05064916883871355,358,0.38566340624360707,0.9226395488404876
12,23,4,-0.9987165071710528,-0.05064916883871355,358,0.38566340624360707,0.9226395488404876
12,23,4,-0.9987165071710528,-0.05064916883871355,358,0.38566340624360707,0.9226395488404876
12,23,4,-0.9987165071710528,-0.05064916883871355,358,0.38566340624360707,0.9226395488404876
12,23,4,-0.9987165071710528,-0.05064916883871355,358,0.38566340624360707,0.9226395488404876
12,23,4,-0.9987165071710528,-0.05064916883871355,358,0.38566340624360707,0.9226395488404876
12,23,4,-0.9987165071710528,-0.05064916883871355,358,0.38566340624360707,0.9226395488404876
12,23,4,-0.9987165071710528,-0.05064916883871355,358,0.38566340624360707,0.9226395488404876
12,23,4,-0.9987165071710528,-0.05064916883871355,358,0.38566340624360707,0.9226395488404876
12,23,4,-0.9987165071710528,-0.05064916883871355,358,0.38566340624360707,0.9226395488404876
12,23,4,-0.9987165071710528,-0.05064916883871355,358,0.38566340624360707,0.9226395488404876
12,23,4,-0.9987165071710528,-0.05064916883871355,358,0.38566340624360707,0.9226395488404876
12,23,4,-0.9987165071710528,-0.05064916883871355,358,0.38566340624360707,0.9226395488404876
12,23,4,-0.9987165071710528,-0.05064916883871355,358,0.38566340624360707,0.9226395488404876
12,23,4,-0.9987165071710528,-0.05064916883871355,358,0.38566340624360707,0.9226395488404876
12,23,4,-0.9987165071710528,-0.05064916883871355,358,0.38566340624360707,0.9226395488404876
12,23,4,-0.9987165071710528,-0.05064916883871355,358,0.38566340624360707,0.9226395488404876
12,24,4,-0.9884683243281114,0.15142777750457667,359,0.401487989205973,0.9158642882672872
12,24,4,-0.9884683243281114,0.15142777750457667,359,0.401487989205973,0.9158642882672872
12,24,4,-0.9884683243281114,0.15142777750457667,359,0.401487989205973,0.9158642882672872
12,24,4,-0.9884683243281114,0.15142777750457667,359,0.401487989205973,0.9158642882672872
12,24,4,-0.9884683243281114,0.15142777750457667,359,0.401487989205973,0.9158642882672872
12,24,4,-0.9884683243281114,0.15142777750457667,359,0.401487989205973,0.9158642882672872
12,24,4,-0.9884683243281114,0.15142777750457667,359,0.401487989205973,0.9158642882672872
12,24,4,-0.9884683243281114,0.15142777750457667,359,0.401487989205973,0.9158642882672872
12,24,4,-0.9884683243281114,0.15142777750457667,359,0.401487989205973,0.9158642882672872
12,24,4,-0.9884683243281114,0.15142777750457667,359,0.401487989205973,0.9158642882672872
12,24,4,-0.9884683243281114,0.15142777750457667,359,0.401487989205973,0.9158642882672872
12,24,4,-0.9884683243281114,0.15142777750457667,359,0.401487989205973,0.9158642882672872
12,24,4,-0.9884683243281114,0.15142777750457667,359,0.401487989205973,0.9158642882672872
12,24,4,-0.9884683243281114,0.15142777750457667,359,0.401487989205973,0.9158642882672872
12,24,4,-0.9884683243281114,0.15142777750457667,359,0.401487989205973,0.9158642882672872
12,24,4,-0.9884683243281114,0.15142777750457667,359,0.401487989205973,0.9158642882672872
12,24,4,-0.9884683243281114,0.15142777750457667,359,0.401487989205973,0.9158642882672872
12,24,4,-0.9884683243281114,0.15142777750457667,359,0.401487989205973,0.9158642882672872
12,24,4,-0.9884683243281114,0.15142777750457667,359,0.401487989205973,0.9158642882672872
12,24,4,-0.9884683243281114,0.15142777750457667,359,0.401487989205973,0.9158642882672872
12,24,4,-0.9884683243281114,0.15142777750457667,359,0.401487989205973,0.9158642882672872
12,24,4,-0.9884683243281114,0.15142777750457667,359,0.401487989205973,0.9158642882672872
12,24,4,-0.9884683243281114,0.15142777750457667,359,0.401487989205973,0.9158642882672872
12,25,4,-0.9377521321470804,0.3473052528448203,360,0.4171936026123168,0.9088176373395029
12,25,4,-0.9377521321470804,0.3473052528448203,360,0.4171936026123168,0.9088176373395029
12,25,4,-0.9377521321470804,0.3473052528448203,360,0.4171936026123168,0.9088176373395029
12,25,4,-0.9377521321470804,0.3473052528448203,360,0.4171936026123168,0.9088176373395029
12,25,4,-0.9377521321470804,0.3473052528448203,360,0.4171936026123168,0.9088176373395029
12,25,4,-0.9377521321470804,0.3473052528448203,360,0.4171936026123168,0.9088176373395029
12,25,4,-0.9377521321470804,0.3473052528448203,360,0.4171936026123168,0.9088176373395029
12,25,4,-0.9377521321470804,0.3473052528448203,360,0.4171936026123168,0.9088176373395029
12,25,4,-0.9377521321470804,0.3473052528448203,360,0.4171936026123168,0.9088176373395029
12,25,4,-0.9377521321470804,0.3473052528448203,360,0.4171936026123168,0.9088176373395029
12,25,4,-0.9377521321470804,0.3473052528448203,360,0.4171936026123168,0.9088176373395029
12,25,4,-0.9377521321470804,0.3473052528448203,360,0.4171936026123168,0.9088176373395029
12,25,4,-0.9377521321470804,0.3473052528448203,360,0.4171936026123168,0.9088176373395029
12,25,4,-0.9377521321470804,0.3473052528448203,360,0.4171936026123168,0.9088176373395029
12,25,4,-0.9377521321470804,0.3473052528448203,360,0.4171936026123168,0.9088176373395029
12,25,4,-0.9377521321470804,0.3473052528448203,360,0.4171936026123168,0.9088176373395029
12,25,4,-0.9377521321470804,0.3473052528448203,360,0.4171936026123168,0.9088176373395029
12,25,4,-0.9377521321470804,0.3473052528448203,360,0.4171936026123168,0.9088176373395029
12,25,4,-0.9377521321470804,0.3473052528448203,360,0.4171936026123168,0.9088176373395029
12,25,4,-0.9377521321470804,0.3473052528448203,360,0.4171936026123168,0.9088176373395029
12,25,4,-0.9377521321470804,0.3473052528448203,360,0.4171936026123168,0.9088176373395029
12,25,4,-0.9377521321470804,0.3473052528448203,360,0.4171936026123168,0.9088176373395029
12,25,4,-0.9377521321470804,0.3473052528448203,360,0.4171936026123168,0.9088176373395029
12,25,4,-0.9377521321470804,0.3473052528448203,360,0.4171936026123168,0.9088176373395029
12,26,4,-0.8486442574947509,0.5289640103269624,361,0.4327755925504312,0.901501684131884
12,26,4,-0.8486442574947509,0.5289640103269624,361,0.4327755925504312,0.901501684131884
12,26,4,-0.8486442574947509,0.5289640103269624,361,0.4327755925504312,0.901501684131884
12,26,4,-0.8486442574947509,0.5289640103269624,361,0.4327755925504312,0.901501684131884
12,26,4,-0.8486442574947509,0.5289640103269624,361,0.4327755925504312,0.901501684131884
12,26,4,-0.8486442574947509,0.5289640103269624,361,0.4327755925504312,0.901501684131884
12,26,4,-0.8486442574947509,0.5289640103269624,361,0.4327755925504312,0.901501684131884
12,26,4,-0.8486442574947509,0.5289640103269624,361,0.4327755925504312,0.901501684131884
12,26,4,-0.8486442574947509,0.5289640103269624,361,0.4327755925504312,0.901501684131884
12,26,4,-0.8486442574947509,0.5289640103269624,361,0.4327755925504312,0.901501684131884
12,26,4,-0.8486442574947509,0.5289640103269624,361,0.4327755925504312,0.901501684131884
12,26,4,-0.8486442574947509,0.5289640103269624,361,0.4327755925504312,0.901501684131884
12,26,4,-0.8486442574947509,0.5289640103269624,361,0.4327755925504312,0.901501684131884
12,26,4,-0.8486442574947509,0.5289640103269624,361,0.4327755925504312,0.901501684131884
12,26,4,-0.8486442574947509,0.5289640103269624,361,0.4327755925504312,0.901501684131884
12,26,4,-0.8486442574947509,0.5289640103269624,361,0.4327755925504312,0.901501684131884
12,26,4,-0.8486442574947509,0.5289640103269624,361,0.4327755925504312,0.901501684131884
12,26,4,-0.8486442574947509,0.5289640103269624,361,0.4327755925504312,0.901501684131884
12,26,4,-0.8486442574947509,0.5289640103269624,361,0.4327755925504312,0.901501684131884
12,26,4,-0.8486442574947509,0.5289640103269624,361,0.4327755925504312,0.901501684131884
12,26,4,-0.8486442574947509,0.5289640103269624,361,0.4327755925504312,0.901501684131884
12,26,4,-0.8486442574947509,0.5289640103269624,361,0.4327755925504312,0.901501684131884
12,26,4,-0.8486442574947509,0.5289640103269624,361,0.4327755925504312,0.901501684131884
12,26,4,-0.8486442574947509,0.5289640103269624,361,0.4327755925504312,0.901501684131884
